Threshold,ACCOF,GPSOF,ACCGPS
1,0.001998001998001998,0.0,0.000999000999000999
2,0.001,0.0,0.0
3,0.0,0.0,0.0
