Threshold,ACCOF,GPSOF,ACCGPS
1,0.0022988505747126436,0.0022988505747126436,0.0
2,0.0,0.0,0.0
