THR,Frames,FPR,TPR,TTD
1,442,0.0851063829787234,0.006644518272425249,20960
2,441,0.0425531914893617,0.0,0
3,440,0.014184397163120567,0.0,0
4,439,0.0,0.0,0
