THR,Frames,Tri-Axis FPR,Net FPR,GC FPR
1,435,0.004597701149425287,0.0022988505747126436,0.0022988505747126436
2,434,0.0,0.0,0.0
