Threshold,GPSOF(FPR),GPSOF(TPR),GPSMAG(FPR),GPSMAG(TPR)
1,0.86,0.11428571428571428,0.0,0.04285714285714286
2,0.78,0.043478260869565216,0.0,0.014492753623188406
3,0.72,0.029411764705882353,0.0,0.0
4,0.66,0.029850746268656716,0.0,0.0
5,0.6,0.030303030303030304,0.0,0.0
6,0.54,0.03076923076923077,0.0,0.0
7,0.52,0.015625,0.0,0.0
8,0.5,0.0,0.0,0.0
9,0.48,0.0,0.0,0.0
10,0.46,0.0,0.0,0.0
11,0.44,0.0,0.0,0.0
12,0.42,0.0,0.0,0.0
13,0.4,0.0,0.0,0.0
14,0.38,0.0,0.0,0.0
15,0.36,0.0,0.0,0.0
16,0.34,0.0,0.0,0.0
17,0.32,0.0,0.0,0.0
18,0.3,0.0,0.0,0.0
19,0.28,0.0,0.0,0.0
20,0.26,0.0,0.0,0.0
21,0.22,0.0,0.0,0.0
22,0.18,0.0,0.0,0.0
23,0.14,0.0,0.0,0.0
24,0.1,0.0,0.0,0.0
25,0.06,0.0,0.0,0.0
26,0.02,0.0,0.0,0.0
27,0.0,0.0,0.0,0.0
28,0.0,0.0,0.0,0.0
29,0.0,0.0,0.0,0.0
30,0.0,0.0,0.0,0.0
