THR,Frames,Tri-Axis FPR,Net FPR,GC FPR
1,451,0.0066518847006651885,0.0,0.0
2,450,0.0022222222222222222,0.0,0.0
3,449,0.0,0.0,0.0
