THR,Frames,Tri-Axis FPR,Net FPR,GC FPR
1,349,0.0028653295128939827,0.0,0.03151862464183381
2,348,0.0,0.0,0.02586206896551724
3,347,0.0,0.0,0.020172910662824207
4,346,0.0,0.0,0.014450867052023121
5,345,0.0,0.0,0.008695652173913044
6,344,0.0,0.0,0.0029069767441860465
7,343,0.0,0.0,0.0
